Animal,Hair,Feathers,Eggs,Milk,Flies,Swims,Predator,Toothed,Backbone,Breathes,Venomous,Fins,Nlegs_0,Nlegs_2,Nlegs_4,Nlegs_5,Nlegs_6,Nlegs_8,Tail,pet,Mammal,Bird,Reptile,Fish,Amphibian,Insect,pink,black,black+white,white,blue,brown,gray,orange,red,green,yellow,spots,stripes,furry,hooves,paws,horns+antlers,tusks,smelly,nocturnal,smart,group,long_life,carnivore,shell,fast,slow,endangered,find_in_city,find_on_farm,find_on_safari,find_in_ocean,sting,commonly_eaten,cold_climate,useful_to_humans,sleep_a_lot,dangerous,bigger_than_a_microwave
aardvark,1,0,0,1,0,0,0,1,1.0,1,0,0,0.0,0.0,1.0,0.0,0.0,0.0,0,0,1.0,0.0,0.0,0.0,0.0,0.0,0.0,0.0,0.0,0,0.0,1.0,0.0,0.0,0.0,0.0,0.0,0.0,0.0,0.0,0.0,0.0,0.0,0.0,0.0,1.0,0.0,0.0,0.0,2,0.0,0.0,0.0,0.0,2,0.0,0.0,0.0,0.0,0.0,0.0,0.0,0.0,0.0,1.0
antelope,1,0,0,1,0,0,0,1,1.0,1,0,0,0.0,0.0,1.0,0.0,0.0,0.0,1,0,1.0,0.0,0.0,0.0,0.0,0.0,0.0,0.0,0.0,0,0.0,1.0,0.0,0.0,0.0,0.0,0.0,0.0,0.0,0.0,1.0,0.0,1.0,0.0,0.0,0.0,0.0,1.0,0.0,2,0.0,0.0,0.0,0.0,2,0.0,1.0,0.0,0.0,0.0,0.0,0.0,0.0,0.0,1.0
badger,1,0,0,1,0,0,0,1,1.0,1,0,0,0.0,0.0,1.0,0.0,0.0,0.0,1,0,1.0,0.0,0.0,0.0,0.0,0.0,0.0,0.0,1.0,0,0.0,0.0,0.0,0.0,0.0,0.0,0.0,0.0,1.0,1.0,0.0,1.0,0.0,0.0,0.0,1.0,0.0,1.0,0.0,2,0.0,0.0,0.0,0.0,2,0.0,0.0,0.0,0.0,0.0,0.0,0.0,0.0,0.0,1.0
bass,0,0,1,0,0,1,0,1,1.0,0,0,1,1.0,0.0,0.0,0.0,0.0,0.0,1,0,0.0,0.0,0.0,1.0,0.0,0.0,0.0,0.0,0.0,0,0.0,1.0,0.0,0.0,0.0,0.0,0.0,1.0,0.0,0.0,0.0,0.0,0.0,0.0,0.0,0.0,0.0,1.0,0.0,2,0.0,0.0,0.0,0.0,2,0.0,0.0,1.0,0.0,1.0,0.0,0.0,0.0,0.0,2.0
bat,1,0,0,1,1,0,1,1,1.0,1,1,0,0.0,0.0,1.0,0.0,0.0,0.0,1,0,1.0,0.0,0.0,0.0,0.0,0.0,0.0,1.0,0.0,0,0.0,2.0,0.0,0.0,0.0,0.0,0.0,0.0,0.0,0.0,0.0,0.0,0.0,0.0,0.0,0.0,0.0,0.0,0.0,2,0.0,0.0,0.0,0.0,2,0.0,0.0,0.0,0.0,0.0,0.0,0.0,1.0,0.0,0.0
bear,1,0,0,1,0,0,1,1,1.0,1,0,0,0.0,0.0,1.0,0.0,0.0,0.0,1,0,1.0,0.0,0.0,0.0,0.0,0.0,0.0,2.0,0.0,0,0.0,2.0,0.0,0.0,0.0,0.0,0.0,0.0,0.0,0.0,0.0,1.0,0.0,0.0,0.0,0.0,1.0,0.0,0.0,2,0.0,0.0,0.0,0.0,2,0.0,0.0,0.0,0.0,0.0,1.0,0.0,1.0,1.0,1.0
beaver,1,0,0,1,0,1,0,1,1.0,1,0,0,0.0,0.0,1.0,0.0,0.0,0.0,1,0,1.0,0.0,0.0,0.0,0.0,0.0,0.0,0.0,0.0,0,0.0,1.0,0.0,0.0,0.0,0.0,0.0,0.0,0.0,0.0,0.0,0.0,0.0,0.0,0.0,1.0,2.0,0.0,0.0,2,0.0,0.0,0.0,0.0,2,0.0,0.0,0.0,0.0,0.0,0.0,0.0,0.0,0.0,1.0
blue+whale,1,0,0,1,0,1,0,0,1.0,1,0,1,1.0,0.0,0.0,0.0,0.0,0.0,1,0,1.0,0.0,0.0,0.0,0.0,0.0,0.0,0.0,0.0,0,1.0,0.0,0.0,0.0,0.0,0.0,0.0,1.0,0.0,0.0,0.0,0.0,0.0,0.0,0.0,0.0,1.0,1.0,1.0,2,0.0,0.0,0.0,1.0,2,0.0,0.0,1.0,0.0,0.0,0.0,0.0,0.0,0.0,1.0
boar,1,0,0,1,0,0,1,1,1.0,1,0,0,0.0,0.0,1.0,0.0,0.0,0.0,1,0,1.0,0.0,0.0,0.0,0.0,0.0,0.0,0.0,0.0,0,0.0,1.0,0.0,0.0,0.0,0.0,0.0,0.0,0.0,0.0,1.0,0.0,0.0,1.0,0.0,0.0,0.0,0.0,0.0,2,0.0,0.0,0.0,0.0,2,0.0,0.0,0.0,0.0,0.0,0.0,0.0,0.0,0.0,1.0
bobcat,1,0,0,1,0,0,1,1,1.0,1,0,0,0.0,0.0,1.0,0.0,0.0,0.0,1,0,1.0,0.0,0.0,0.0,0.0,0.0,0.0,0.0,0.0,0,0.0,1.0,0.0,0.0,0.0,0.0,0.0,0.0,0.0,0.0,0.0,1.0,0.0,0.0,0.0,0.0,0.0,0.0,0.0,2,0.0,0.0,0.0,0.0,2,0.0,0.0,0.0,0.0,0.0,0.0,0.0,0.0,1.0,1.0
buffalo,1,0,0,1,0,0,0,1,1.0,1,0,0,0.0,0.0,1.0,0.0,0.0,0.0,1,0,1.0,0.0,0.0,0.0,0.0,0.0,0.0,1.0,0.0,0,0.0,1.0,0.0,0.0,0.0,0.0,0.0,0.0,1.0,0.0,1.0,0.0,1.0,0.0,0.0,0.0,0.0,1.0,0.0,2,0.0,0.0,0.0,0.0,2,0.0,0.0,0.0,0.0,0.0,0.0,0.0,0.0,2.0,1.0
butterfly,0,0,1,0,1,0,0,0,0.0,2,0,0,1.0,0.0,0.0,0.0,0.0,0.0,0,0,0.0,0.0,0.0,0.0,0.0,1.0,0.0,0.0,0.0,0,2.0,0.0,0.0,0.0,0.0,0.0,0.0,2.0,0.0,0.0,0.0,0.0,0.0,0.0,0.0,0.0,0.0,1.0,0.0,2,0.0,0.0,0.0,0.0,2,1.0,0.0,0.0,0.0,0.0,0.0,0.0,0.0,0.0,0.0
carp,0,0,1,0,0,1,0,1,1.0,0,0,1,1.0,0.0,0.0,0.0,0.0,0.0,1,0,0.0,0.0,0.0,1.0,0.0,0.0,0.0,0.0,0.0,1,0.0,1.0,1.0,0.0,0.0,0.0,0.0,0.0,0.0,0.0,0.0,0.0,0.0,0.0,0.0,0.0,0.0,1.0,0.0,2,0.0,0.0,0.0,0.0,2,0.0,0.0,1.0,0.0,0.0,0.0,0.0,0.0,0.0,2.0
cat,1,0,0,1,0,0,0,1,1.0,1,0,0,0.0,0.0,1.0,0.0,0.0,0.0,1,1,1.0,0.0,0.0,0.0,0.0,0.0,0.0,2.0,2.0,2,0.0,2.0,2.0,0.0,0.0,0.0,0.0,2.0,2.0,1.0,0.0,0.0,0.0,0.0,0.0,0.0,1.0,0.0,0.0,2,0.0,0.0,0.0,0.0,2,1.0,0.0,0.0,0.0,0.0,0.0,0.0,0.0,0.0,0.0
catfish,0,0,1,0,0,1,1,1,1.0,0,0,1,1.0,0.0,0.0,0.0,0.0,0.0,1,0,0.0,0.0,0.0,1.0,0.0,0.0,0.0,0.0,0.0,0,0.0,1.0,0.0,0.0,0.0,0.0,0.0,0.0,0.0,0.0,0.0,0.0,0.0,0.0,0.0,1.0,0.0,0.0,0.0,2,0.0,0.0,0.0,0.0,2,0.0,0.0,0.0,0.0,1.0,0.0,0.0,0.0,0.0,2.0
chameleon,0,0,1,0,0,0,0,1,1.0,1,0,0,0.0,0.0,1.0,0.0,0.0,0.0,1,1,0.0,0.0,1.0,0.0,0.0,0.0,0.0,0.0,0.0,0,0.0,0.0,0.0,0.0,0.0,1.0,0.0,0.0,0.0,0.0,0.0,0.0,0.0,0.0,0.0,0.0,0.0,0.0,0.0,2,0.0,0.0,1.0,0.0,2,0.0,0.0,0.0,0.0,0.0,0.0,0.0,0.0,0.0,0.0
cheetah,1,0,0,1,0,0,1,1,1.0,1,0,0,0.0,0.0,1.0,0.0,0.0,0.0,1,0,1.0,0.0,0.0,0.0,0.0,0.0,0.0,0.0,0.0,0,0.0,0.0,0.0,0.0,0.0,0.0,0.0,1.0,0.0,0.0,0.0,1.0,0.0,0.0,0.0,0.0,0.0,0.0,0.0,2,0.0,1.0,0.0,0.0,2,0.0,1.0,0.0,0.0,0.0,0.0,0.0,0.0,0.0,1.0
chicken,0,1,1,0,1,0,0,0,1.0,1,0,0,0.0,1.0,0.0,0.0,0.0,0.0,1,1,0.0,1.0,0.0,0.0,0.0,0.0,0.0,0.0,0.0,0,0.0,2.0,0.0,0.0,0.0,0.0,0.0,0.0,0.0,0.0,0.0,0.0,0.0,0.0,0.0,0.0,0.0,1.0,0.0,2,0.0,0.0,0.0,0.0,2,1.0,0.0,0.0,0.0,1.0,0.0,1.0,0.0,0.0,2.0
chihuahua,1,0,0,1,0,0,0,1,1.0,1,0,0,0.0,0.0,1.0,0.0,0.0,0.0,1,1,1.0,0.0,0.0,0.0,0.0,0.0,0.0,0.0,0.0,0,0.0,2.0,0.0,0.0,0.0,0.0,0.0,0.0,0.0,1.0,0.0,1.0,0.0,0.0,0.0,0.0,0.0,1.0,0.0,2,0.0,0.0,0.0,0.0,2,0.0,0.0,0.0,0.0,0.0,0.0,0.0,0.0,0.0,0.0
chimpanzee,1,0,0,1,0,0,0,1,1.0,1,0,0,0.0,1.0,0.0,0.0,0.0,0.0,0,0,1.0,0.0,0.0,0.0,0.0,0.0,0.0,0.0,0.0,0,0.0,1.0,0.0,0.0,0.0,0.0,0.0,0.0,0.0,0.0,0.0,0.0,0.0,0.0,0.0,0.0,1.0,1.0,1.0,2,0.0,0.0,0.0,1.0,2,0.0,0.0,0.0,0.0,0.0,0.0,0.0,0.0,0.0,1.0
chinchilla,1,0,0,1,0,0,0,1,1.0,1,0,0,0.0,0.0,1.0,0.0,0.0,0.0,1,1,1.0,0.0,0.0,0.0,0.0,0.0,0.0,0.0,0.0,0,0.0,2.0,1.0,0.0,0.0,0.0,0.0,0.0,0.0,1.0,0.0,0.0,0.0,0.0,0.0,0.0,0.0,0.0,0.0,2,0.0,0.0,0.0,0.0,2,0.0,0.0,0.0,0.0,0.0,0.0,0.0,0.0,0.0,0.0
chub,0,0,1,0,0,1,1,1,1.0,0,0,1,1.0,0.0,0.0,0.0,0.0,0.0,1,0,0.0,0.0,0.0,1.0,0.0,0.0,0.0,0.0,0.0,0,0.0,0.0,0.0,0.0,0.0,0.0,0.0,0.0,0.0,0.0,0.0,0.0,0.0,0.0,0.0,0.0,0.0,1.0,0.0,2,0.0,0.0,0.0,0.0,2,0.0,0.0,1.0,0.0,0.0,0.0,0.0,0.0,0.0,0.0
clam,0,0,1,0,0,0,0,0,0.0,0,0,0,1.0,0.0,0.0,0.0,0.0,0.0,0,0,0.0,0.0,0.0,0.0,0.0,0.0,0.0,0.0,0.0,0,0.0,0.0,0.0,0.0,0.0,0.0,0.0,0.0,0.0,0.0,0.0,0.0,0.0,0.0,0.0,0.0,0.0,0.0,0.0,2,1.0,0.0,0.0,0.0,2,0.0,0.0,1.0,0.0,1.0,0.0,0.0,0.0,0.0,0.0
cockroach,0,0,1,0,0,0,0,0,0.0,1,0,0,0.0,0.0,0.0,0.0,1.0,0.0,0,0,0.0,0.0,0.0,0.0,0.0,1.0,0.0,0.0,0.0,0,0.0,1.0,0.0,0.0,0.0,0.0,0.0,0.0,0.0,0.0,0.0,0.0,0.0,0.0,0.0,0.0,0.0,1.0,0.0,2,0.0,0.0,0.0,0.0,2,1.0,0.0,0.0,0.0,0.0,0.0,0.0,0.0,0.0,0.0
collie,1,0,0,1,0,0,0,1,1.0,1,0,0,0.0,0.0,1.0,0.0,0.0,0.0,1,1,1.0,0.0,0.0,0.0,0.0,0.0,0.0,0.0,0.0,0,0.0,2.0,0.0,0.0,0.0,0.0,0.0,2.0,0.0,1.0,0.0,1.0,0.0,0.0,0.0,0.0,1.0,1.0,0.0,2,0.0,0.0,0.0,0.0,2,1.0,0.0,0.0,0.0,0.0,0.0,0.0,0.0,0.0,1.0
cow,1,0,0,1,0,0,0,1,1.0,1,0,0,0.0,0.0,1.0,0.0,0.0,0.0,1,0,1.0,0.0,0.0,0.0,0.0,0.0,0.0,0.0,0.0,0,0.0,2.0,0.0,0.0,0.0,0.0,0.0,1.0,0.0,2.0,1.0,0.0,2.0,0.0,0.0,0.0,0.0,1.0,0.0,2,0.0,0.0,0.0,0.0,2,1.0,0.0,0.0,0.0,1.0,0.0,1.0,0.0,0.0,1.0
crab,0,0,1,0,0,1,1,0,0.0,0,0,0,0.0,0.0,0.0,0.0,0.0,0.0,0,0,0.0,0.0,0.0,0.0,0.0,0.0,0.0,0.0,1.0,0,0.0,0.0,0.0,0.0,1.0,0.0,0.0,0.0,0.0,0.0,0.0,0.0,0.0,0.0,0.0,0.0,0.0,0.0,0.0,2,1.0,0.0,0.0,0.0,2,0.0,0.0,1.0,0.0,1.0,0.0,0.0,0.0,0.0,0.0
crayfish,0,0,1,0,0,1,1,0,0.0,0,0,0,0.0,0.0,0.0,0.0,1.0,0.0,0,0,0.0,0.0,0.0,0.0,0.0,0.0,0.0,0.0,0.0,0,0.0,0.0,0.0,0.0,0.0,0.0,0.0,0.0,0.0,0.0,0.0,0.0,0.0,0.0,0.0,0.0,0.0,1.0,0.0,2,0.0,0.0,0.0,0.0,2,0.0,0.0,1.0,0.0,0.0,0.0,0.0,0.0,0.0,0.0
crocodile,0,0,1,0,0,1,1,1,1.0,1,0,0,0.0,0.0,1.0,0.0,0.0,0.0,1,0,0.0,0.0,1.0,0.0,0.0,0.0,0.0,0.0,0.0,0,0.0,0.0,0.0,0.0,0.0,1.0,0.0,0.0,0.0,0.0,0.0,0.0,0.0,0.0,0.0,0.0,0.0,0.0,0.0,2,0.0,0.0,0.0,0.0,2,0.0,1.0,0.0,0.0,0.0,0.0,0.0,0.0,1.0,1.0
crow,0,1,1,0,1,0,0,0,1.0,1,0,0,0.0,1.0,0.0,0.0,0.0,0.0,1,0,0.0,1.0,0.0,0.0,0.0,0.0,0.0,1.0,0.0,0,0.0,0.0,0.0,0.0,0.0,0.0,0.0,0.0,0.0,0.0,0.0,0.0,0.0,0.0,0.0,0.0,0.0,1.0,0.0,2,0.0,0.0,0.0,0.0,2,1.0,0.0,0.0,0.0,0.0,0.0,0.0,0.0,0.0,0.0
dalmatian,1,0,0,1,0,0,0,1,1.0,1,0,0,0.0,0.0,1.0,0.0,0.0,0.0,1,1,1.0,0.0,0.0,0.0,0.0,0.0,0.0,0.0,1.0,0,0.0,0.0,0.0,0.0,0.0,0.0,0.0,1.0,0.0,2.0,0.0,1.0,0.0,0.0,0.0,0.0,1.0,1.0,0.0,2,0.0,0.0,0.0,0.0,2,1.0,0.0,0.0,0.0,0.0,0.0,0.0,0.0,0.0,1.0
deer,1,0,0,1,0,0,0,1,1.0,1,0,0,0.0,0.0,1.0,0.0,0.0,0.0,1,0,1.0,0.0,0.0,0.0,0.0,0.0,0.0,0.0,0.0,0,0.0,1.0,0.0,0.0,0.0,0.0,0.0,2.0,0.0,0.0,1.0,0.0,1.0,0.0,0.0,0.0,0.0,1.0,0.0,2,0.0,0.0,0.0,0.0,2,0.0,0.0,0.0,0.0,1.0,0.0,0.0,0.0,0.0,1.0
dog,1,0,0,1,0,0,0,1,1.0,1,0,0,0.0,0.0,1.0,0.0,0.0,0.0,1,1,1.0,0.0,0.0,0.0,0.0,0.0,0.0,2.0,2.0,2,0.0,2.0,2.0,0.0,0.0,0.0,0.0,2.0,0.0,1.0,0.0,1.0,0.0,0.0,0.0,0.0,1.0,1.0,0.0,2,0.0,0.0,0.0,0.0,2,1.0,0.0,0.0,0.0,0.0,0.0,1.0,0.0,0.0,1.0
dogfish,0,0,1,0,0,1,1,1,1.0,0,0,1,1.0,0.0,0.0,0.0,0.0,0.0,1,0,0.0,0.0,0.0,1.0,0.0,0.0,0.0,0.0,0.0,0,0.0,0.0,1.0,0.0,0.0,0.0,0.0,0.0,0.0,0.0,0.0,0.0,0.0,0.0,0.0,0.0,0.0,0.0,0.0,2,0.0,0.0,0.0,0.0,2,0.0,0.0,1.0,0.0,0.0,0.0,0.0,0.0,0.0,0.0
dolphin,1,0,0,1,0,1,1,1,1.0,1,0,1,1.0,0.0,0.0,0.0,0.0,0.0,1,0,1.0,0.0,0.0,0.0,0.0,0.0,2.0,0.0,0.0,0,0.0,0.0,1.0,0.0,0.0,0.0,0.0,0.0,0.0,0.0,0.0,0.0,0.0,0.0,0.0,0.0,1.0,1.0,0.0,2,0.0,0.0,0.0,0.0,2,0.0,0.0,1.0,0.0,0.0,0.0,0.0,0.0,0.0,1.0
dove,0,1,1,0,1,0,0,0,1.0,1,0,0,0.0,1.0,0.0,0.0,0.0,0.0,1,0,0.0,1.0,0.0,0.0,0.0,0.0,0.0,0.0,0.0,1,0.0,0.0,0.0,0.0,0.0,0.0,0.0,0.0,0.0,0.0,0.0,0.0,0.0,0.0,0.0,0.0,0.0,0.0,0.0,2,0.0,0.0,0.0,0.0,2,0.0,0.0,0.0,0.0,0.0,0.0,0.0,0.0,0.0,0.0
duck,0,1,1,0,1,1,0,0,1.0,1,0,0,0.0,1.0,0.0,0.0,0.0,0.0,1,0,0.0,1.0,0.0,0.0,0.0,0.0,0.0,0.0,0.0,2,0.0,2.0,0.0,0.0,0.0,0.0,0.0,0.0,0.0,0.0,0.0,0.0,0.0,0.0,0.0,0.0,0.0,1.0,0.0,2,0.0,0.0,0.0,0.0,2,1.0,0.0,0.0,0.0,0.0,0.0,0.0,0.0,0.0,0.0
eagle,0,1,1,0,1,0,1,0,1.0,1,0,0,0.0,1.0,0.0,0.0,0.0,0.0,1,0,0.0,1.0,0.0,0.0,0.0,0.0,0.0,0.0,0.0,2,0.0,2.0,0.0,0.0,0.0,0.0,0.0,0.0,0.0,0.0,0.0,0.0,0.0,0.0,0.0,0.0,0.0,0.0,0.0,2,0.0,0.0,0.0,0.0,2,0.0,0.0,0.0,0.0,0.0,0.0,0.0,0.0,0.0,2.0
elephant,1,0,0,1,0,0,0,1,1.0,1,0,0,0.0,0.0,1.0,0.0,0.0,0.0,1,0,1.0,0.0,0.0,0.0,0.0,0.0,0.0,0.0,0.0,2,0.0,0.0,1.0,0.0,0.0,0.0,0.0,0.0,0.0,0.0,0.0,0.0,0.0,1.0,0.0,0.0,1.0,1.0,0.0,2,0.0,0.0,0.0,1.0,2,0.0,1.0,0.0,0.0,0.0,0.0,0.0,0.0,0.0,1.0
ferret,1,0,0,1,0,0,0,1,1.0,1,0,0,0.0,0.0,1.0,0.0,0.0,0.0,1,1,1.0,0.0,0.0,0.0,0.0,0.0,0.0,0.0,0.0,0,0.0,1.0,0.0,0.0,0.0,0.0,0.0,0.0,0.0,1.0,0.0,2.0,0.0,0.0,0.0,0.0,0.0,0.0,0.0,2,0.0,0.0,0.0,0.0,2,0.0,0.0,0.0,0.0,0.0,0.0,0.0,0.0,0.0,0.0
flamingo,0,1,1,0,1,0,0,0,1.0,1,0,0,0.0,1.0,0.0,0.0,0.0,0.0,1,0,0.0,1.0,0.0,0.0,0.0,0.0,1.0,0.0,0.0,0,0.0,0.0,0.0,0.0,0.0,0.0,0.0,0.0,0.0,0.0,0.0,0.0,0.0,0.0,0.0,0.0,0.0,1.0,0.0,2,0.0,0.0,0.0,0.0,2,0.0,1.0,0.0,0.0,0.0,0.0,0.0,0.0,0.0,1.0
flea,0,0,1,0,0,0,0,0,0.0,1,0,0,0.0,0.0,0.0,0.0,1.0,0.0,0,0,0.0,0.0,0.0,0.0,0.0,1.0,0.0,0.0,0.0,0,0.0,1.0,0.0,0.0,0.0,0.0,0.0,0.0,0.0,0.0,0.0,0.0,0.0,0.0,0.0,0.0,0.0,0.0,0.0,2,0.0,0.0,0.0,0.0,2,0.0,0.0,0.0,0.0,0.0,0.0,0.0,0.0,0.0,0.0
fox,1,0,0,1,0,0,1,1,1.0,1,0,0,0.0,0.0,1.0,0.0,0.0,0.0,1,0,1.0,0.0,0.0,0.0,0.0,0.0,0.0,0.0,0.0,0,0.0,2.0,0.0,1.0,0.0,0.0,0.0,0.0,0.0,1.0,0.0,1.0,0.0,0.0,0.0,1.0,0.0,0.0,0.0,2,0.0,0.0,0.0,0.0,2,0.0,0.0,0.0,0.0,0.0,0.0,0.0,0.0,0.0,2.0
frog,0,0,1,0,0,1,1,1,1.0,1,0,0,0.0,0.0,1.0,0.0,0.0,0.0,0,1,0.0,0.0,0.0,0.0,1.0,0.0,0.0,0.0,0.0,0,0.0,0.0,0.0,0.0,0.0,1.0,0.0,0.0,0.0,0.0,0.0,0.0,0.0,0.0,0.0,0.0,0.0,0.0,0.0,2,0.0,0.0,0.0,0.0,2,1.0,0.0,0.0,0.0,0.0,0.0,0.0,0.0,0.0,0.0
fruitbat,1,0,0,1,1,0,0,1,1.0,1,0,0,0.0,0.0,1.0,0.0,0.0,0.0,1,0,1.0,0.0,0.0,0.0,0.0,0.0,0.0,0.0,0.0,0,0.0,1.0,0.0,0.0,0.0,0.0,0.0,0.0,0.0,0.0,0.0,0.0,0.0,0.0,0.0,1.0,0.0,0.0,0.0,2,0.0,0.0,0.0,0.0,2,0.0,0.0,0.0,0.0,0.0,0.0,0.0,0.0,0.0,0.0
german+shepherd,1,0,0,1,0,0,0,1,1.0,1,0,0,0.0,0.0,1.0,0.0,0.0,0.0,1,1,1.0,0.0,0.0,0.0,0.0,0.0,0.0,0.0,0.0,0,0.0,1.0,0.0,0.0,0.0,0.0,0.0,0.0,0.0,1.0,0.0,1.0,0.0,0.0,0.0,0.0,1.0,1.0,0.0,2,0.0,0.0,0.0,0.0,2,1.0,0.0,0.0,0.0,0.0,0.0,1.0,0.0,0.0,1.0
giant+panda,1,0,0,1,0,0,0,1,1.0,1,0,0,0.0,0.0,1.0,0.0,0.0,0.0,1,0,1.0,0.0,0.0,0.0,0.0,0.0,0.0,0.0,1.0,0,0.0,0.0,0.0,0.0,0.0,0.0,0.0,0.0,0.0,1.0,0.0,1.0,0.0,0.0,0.0,0.0,0.0,1.0,0.0,2,0.0,0.0,0.0,1.0,2,0.0,0.0,0.0,0.0,0.0,0.0,0.0,0.0,0.0,1.0
giraffe,1,0,0,1,0,0,0,1,1.0,1,0,0,0.0,0.0,1.0,0.0,0.0,0.0,1,0,1.0,0.0,0.0,0.0,0.0,0.0,0.0,0.0,0.0,0,0.0,0.0,0.0,0.0,0.0,0.0,1.0,1.0,0.0,0.0,0.0,0.0,1.0,0.0,0.0,0.0,0.0,1.0,0.0,2,0.0,0.0,0.0,0.0,2,0.0,1.0,0.0,0.0,0.0,0.0,0.0,0.0,0.0,1.0
gnat,0,0,1,0,1,0,0,0,0.0,1,0,0,0.0,0.0,0.0,0.0,1.0,0.0,0,0,0.0,0.0,0.0,0.0,0.0,1.0,0.0,0.0,0.0,0,0.0,0.0,0.0,0.0,0.0,0.0,0.0,0.0,0.0,0.0,0.0,0.0,0.0,0.0,0.0,0.0,0.0,1.0,0.0,2,0.0,0.0,0.0,0.0,2,0.0,0.0,0.0,0.0,0.0,0.0,0.0,0.0,0.0,0.0
goat,1,0,0,1,0,0,0,1,1.0,1,0,0,0.0,0.0,1.0,0.0,0.0,0.0,1,1,1.0,0.0,0.0,0.0,0.0,0.0,0.0,2.0,2.0,0,0.0,2.0,0.0,0.0,0.0,0.0,0.0,0.0,0.0,0.0,1.0,0.0,1.0,0.0,0.0,0.0,0.0,1.0,0.0,2,0.0,0.0,0.0,0.0,2,1.0,0.0,0.0,0.0,1.0,0.0,1.0,0.0,0.0,1.0
gorilla,1,0,0,1,0,0,0,1,1.0,1,0,0,0.0,2.0,1.0,0.0,0.0,0.0,0,0,1.0,0.0,0.0,0.0,0.0,0.0,0.0,1.0,0.0,0,0.0,0.0,0.0,0.0,0.0,0.0,0.0,0.0,0.0,0.0,0.0,0.0,0.0,0.0,0.0,0.0,1.0,1.0,1.0,2,0.0,0.0,0.0,0.0,2,0.0,0.0,0.0,0.0,0.0,0.0,0.0,0.0,0.0,1.0
grizzly+bear,1,0,0,1,0,0,1,1,1.0,1,0,0,0.0,0.0,1.0,0.0,0.0,0.0,1,0,1.0,0.0,0.0,0.0,0.0,0.0,0.0,0.0,0.0,0,0.0,1.0,0.0,0.0,0.0,0.0,0.0,0.0,0.0,1.0,0.0,1.0,0.0,0.0,0.0,0.0,1.0,0.0,0.0,2,0.0,0.0,0.0,0.0,2,0.0,0.0,0.0,0.0,0.0,0.0,0.0,0.0,1.0,1.0
guinea+pig,1,0,0,1,0,0,0,1,1.0,1,0,0,0.0,0.0,1.0,0.0,0.0,0.0,1,1,1.0,0.0,0.0,0.0,0.0,0.0,0.0,0.0,0.0,0,0.0,2.0,0.0,0.0,0.0,0.0,0.0,2.0,0.0,1.0,0.0,0.0,0.0,0.0,0.0,0.0,0.0,1.0,0.0,2,0.0,0.0,0.0,0.0,2,0.0,0.0,0.0,0.0,1.0,0.0,0.0,0.0,0.0,0.0
gull,0,1,1,0,1,1,0,0,1.0,1,0,0,0.0,1.0,0.0,0.0,0.0,0.0,1,0,0.0,1.0,0.0,0.0,0.0,0.0,0.0,0.0,0.0,`,0.0,0.0,0.0,0.0,0.0,0.0,0.0,0.0,0.0,0.0,0.0,0.0,0.0,0.0,0.0,0.0,0.0,1.0,0.0,2,0.0,0.0,0.0,0.0,2,0.0,0.0,0.0,0.0,0.0,0.0,0.0,0.0,0.0,0.0
haddock,0,0,1,0,0,1,0,1,1.0,0,0,1,1.0,0.0,0.0,0.0,0.0,0.0,1,0,0.0,0.0,0.0,1.0,0.0,0.0,0.0,0.0,0.0,0,0.0,0.0,0.0,0.0,0.0,0.0,0.0,0.0,0.0,0.0,0.0,0.0,0.0,0.0,0.0,0.0,0.0,1.0,0.0,2,0.0,0.0,0.0,0.0,2,0.0,0.0,1.0,0.0,1.0,0.0,0.0,0.0,0.0,0.0
hamster,1,0,0,1,0,0,0,1,1.0,1,0,0,0.0,0.0,1.0,0.0,0.0,0.0,1,1,1.0,0.0,0.0,0.0,0.0,0.0,0.0,0.0,0.0,2,0.0,1.0,0.0,0.0,0.0,0.0,0.0,0.0,0.0,1.0,0.0,0.0,0.0,0.0,0.0,1.0,0.0,1.0,0.0,2,0.0,0.0,0.0,0.0,2,0.0,0.0,0.0,0.0,0.0,0.0,0.0,0.0,0.0,0.0
hare,1,0,0,1,0,0,0,1,1.0,1,0,0,0.0,0.0,1.0,0.0,0.0,0.0,1,0,1.0,0.0,0.0,0.0,0.0,0.0,0.0,0.0,0.0,0,0.0,1.0,2.0,0.0,0.0,0.0,0.0,0.0,0.0,1.0,0.0,1.0,0.0,0.0,0.0,0.0,0.0,0.0,0.0,2,0.0,0.0,0.0,0.0,2,1.0,0.0,0.0,0.0,0.0,1.0,0.0,0.0,0.0,2.0
hawk,0,1,1,0,1,0,1,0,1.0,1,0,0,0.0,1.0,0.0,0.0,0.0,0.0,1,0,0.0,1.0,0.0,0.0,0.0,0.0,0.0,0.0,0.0,0,0.0,1.0,0.0,0.0,0.0,0.0,0.0,0.0,0.0,0.0,0.0,0.0,0.0,0.0,0.0,0.0,0.0,0.0,0.0,2,0.0,0.0,0.0,0.0,2,1.0,0.0,0.0,0.0,0.0,0.0,0.0,0.0,0.0,0.0
hedgehog,1,0,0,1,0,0,0,1,1.0,1,0,0,0.0,0.0,1.0,0.0,0.0,0.0,1,1,1.0,0.0,0.0,0.0,0.0,0.0,0.0,0.0,0.0,0,0.0,1.0,2.0,0.0,0.0,0.0,0.0,0.0,0.0,0.0,0.0,0.0,0.0,0.0,0.0,1.0,0.0,0.0,0.0,2,0.0,0.0,0.0,0.0,2,0.0,0.0,0.0,0.0,0.0,0.0,0.0,0.0,0.0,0.0
herring,0,0,1,0,0,1,0,1,1.0,0,0,1,1.0,0.0,0.0,0.0,0.0,0.0,1,0,0.0,0.0,0.0,1.0,0.0,0.0,0.0,0.0,0.0,0,0.0,0.0,1.0,0.0,0.0,0.0,0.0,0.0,0.0,0.0,0.0,0.0,0.0,0.0,0.0,0.0,0.0,0.0,0.0,2,0.0,0.0,0.0,0.0,2,0.0,0.0,1.0,0.0,1.0,0.0,0.0,0.0,0.0,0.0
hippopotamus,1,0,0,1,0,1,1,1,1.0,1,0,0,0.0,0.0,1.0,0.0,0.0,0.0,1,0,1.0,0.0,0.0,0.0,0.0,0.0,0.0,0.0,0.0,0,0.0,0.0,1.0,0.0,0.0,0.0,0.0,0.0,0.0,0.0,0.0,0.0,0.0,1.0,0.0,0.0,0.0,0.0,0.0,2,0.0,0.0,0.0,0.0,2,0.0,1.0,0.0,0.0,0.0,0.0,0.0,0.0,1.0,1.0
honeybee,1,0,1,0,1,0,0,0,0.0,1,1,0,0.0,0.0,0.0,0.0,1.0,0.0,0,1,0.0,0.0,0.0,0.0,0.0,1.0,0.0,0.0,0.0,0,0.0,0.0,0.0,0.0,0.0,0.0,1.0,0.0,1.0,0.0,0.0,0.0,0.0,0.0,0.0,0.0,0.0,1.0,0.0,2,0.0,0.0,0.0,0.0,2,1.0,0.0,0.0,1.0,0.0,0.0,1.0,0.0,0.0,0.0
horse,1,0,0,1,0,0,0,1,1.0,1,0,0,0.0,0.0,1.0,0.0,0.0,0.0,1,1,1.0,0.0,0.0,0.0,0.0,0.0,0.0,2.0,2.0,2,0.0,2.0,2.0,0.0,0.0,0.0,0.0,0.0,0.0,2.0,1.0,0.0,0.0,0.0,0.0,0.0,0.0,1.0,0.0,2,0.0,0.0,0.0,0.0,2,1.0,0.0,0.0,0.0,1.0,0.0,1.0,0.0,0.0,1.0
housefly,1,0,1,0,1,0,0,0,0.0,1,0,0,0.0,0.0,0.0,0.0,1.0,0.0,0,0,0.0,0.0,0.0,0.0,0.0,1.0,0.0,1.0,0.0,0,0.0,0.0,0.0,0.0,0.0,0.0,0.0,0.0,0.0,0.0,0.0,0.0,0.0,0.0,0.0,0.0,0.0,0.0,0.0,2,0.0,0.0,0.0,0.0,2,1.0,0.0,0.0,0.0,0.0,0.0,0.0,0.0,0.0,0.0
human,1,0,0,1,0,0,1,1,1.0,1,0,0,0.0,1.0,0.0,0.0,0.0,0.0,0,0,1.0,0.0,0.0,0.0,0.0,0.0,0.0,0.0,0.0,0,0.0,0.0,0.0,0.0,0.0,0.0,0.0,0.0,0.0,0.0,0.0,0.0,0.0,0.0,0.0,0.0,1.0,1.0,1.0,2,0.0,0.0,0.0,0.0,2,1.0,0.0,0.0,0.0,0.0,0.0,2.0,0.0,1.0,1.0
humpback+whale,1,0,0,1,0,1,0,0,1.0,1,0,1,1.0,0.0,0.0,0.0,0.0,0.0,1,0,1.0,0.0,0.0,0.0,0.0,0.0,0.0,0.0,0.0,0,0.0,0.0,1.0,0.0,0.0,0.0,0.0,0.0,0.0,0.0,0.0,0.0,0.0,0.0,0.0,0.0,1.0,1.0,0.0,2,0.0,0.0,0.0,0.0,2,0.0,0.0,0.0,0.0,0.0,0.0,0.0,0.0,0.0,1.0
jellyfish,0,0,0,0,0,1,1,0,0.0,0,1,0,1.0,0.0,0.0,0.0,0.0,0.0,0,0,0.0,0.0,0.0,0.0,0.0,0.0,0.0,0.0,0.0,0,2.0,0.0,0.0,0.0,0.0,0.0,0.0,0.0,0.0,0.0,0.0,0.0,0.0,0.0,0.0,0.0,0.0,0.0,0.0,2,0.0,0.0,0.0,0.0,2,0.0,0.0,1.0,1.0,0.0,0.0,0.0,0.0,0.0,0.0
kiwi,0,1,1,0,0,0,1,0,1.0,1,0,0,0.0,1.0,0.0,0.0,0.0,0.0,0,0,0.0,1.0,0.0,0.0,0.0,0.0,0.0,0.0,0.0,0,0.0,1.0,0.0,0.0,0.0,0.0,0.0,0.0,0.0,0.0,0.0,0.0,0.0,0.0,0.0,0.0,0.0,0.0,0.0,2,0.0,0.0,0.0,0.0,2,0.0,0.0,0.0,0.0,0.0,0.0,0.0,0.0,0.0,0.0
koala,1,0,0,1,0,0,0,1,1.0,1,0,0,0.0,0.0,1.0,0.0,0.0,0.0,0,0,1.0,0.0,0.0,0.0,0.0,0.0,0.0,0.0,0.0,0,0.0,0.0,1.0,0.0,0.0,0.0,0.0,0.0,0.0,1.0,0.0,0.0,0.0,0.0,0.0,1.0,0.0,0.0,0.0,2,0.0,0.0,1.0,1.0,2,0.0,0.0,0.0,0.0,0.0,0.0,0.0,1.0,0.0,1.0
ladybird,0,0,1,0,1,0,0,0,0.0,1,0,0,0.0,0.0,0.0,0.0,1.0,0.0,0,0,0.0,0.0,0.0,0.0,0.0,1.0,0.0,0.0,0.0,0,0.0,0.0,0.0,0.0,1.0,0.0,0.0,1.0,0.0,0.0,0.0,0.0,0.0,0.0,0.0,0.0,0.0,0.0,0.0,2,0.0,0.0,0.0,0.0,2,1.0,0.0,0.0,0.0,0.0,0.0,0.0,0.0,0.0,0.0
lark,0,1,1,0,1,0,0,0,1.0,1,0,0,0.0,1.0,0.0,0.0,0.0,0.0,1,0,0.0,1.0,0.0,0.0,0.0,0.0,0.0,0.0,0.0,0,0.0,1.0,0.0,0.0,0.0,0.0,0.0,0.0,0.0,0.0,0.0,0.0,0.0,0.0,0.0,0.0,0.0,1.0,0.0,2,0.0,0.0,0.0,0.0,2,1.0,0.0,0.0,0.0,0.0,0.0,0.0,0.0,0.0,0.0
lemur,1,0,0,1,0,0,0,1,1.0,1,0,0,0.0,0.0,0.0,0.0,0.0,0.0,1,0,1.0,0.0,0.0,0.0,0.0,0.0,0.0,0.0,1.0,0,0.0,2.0,0.0,0.0,0.0,0.0,0.0,0.0,1.0,1.0,0.0,0.0,0.0,0.0,0.0,0.0,0.0,1.0,0.0,2,0.0,0.0,0.0,1.0,2,0.0,0.0,0.0,0.0,0.0,0.0,0.0,0.0,0.0,1.0
leopard,1,0,0,1,0,0,1,1,1.0,1,0,0,0.0,0.0,1.0,0.0,0.0,0.0,1,0,1.0,0.0,0.0,0.0,0.0,0.0,0.0,0.0,0.0,0,0.0,0.0,0.0,0.0,0.0,0.0,0.0,1.0,0.0,0.0,0.0,1.0,0.0,0.0,0.0,1.0,0.0,1.0,0.0,2,0.0,0.0,0.0,0.0,2,0.0,1.0,0.0,0.0,0.0,0.0,0.0,0.0,1.0,1.0
lion,1,0,0,1,0,0,1,1,1.0,1,0,0,0.0,0.0,1.0,0.0,0.0,0.0,1,0,1.0,0.0,0.0,0.0,0.0,0.0,0.0,0.0,0.0,0,0.0,0.0,0.0,0.0,0.0,0.0,0.0,0.0,0.0,2.0,0.0,1.0,0.0,0.0,0.0,0.0,0.0,1.0,0.0,2,0.0,0.0,0.0,0.0,2,0.0,1.0,0.0,0.0,0.0,0.0,0.0,0.0,0.0,1.0
llama,1,0,0,1,0,0,0,1,1.0,1,0,0,0.0,0.0,1.0,0.0,0.0,0.0,1,0,1.0,0.0,0.0,0.0,0.0,0.0,0.0,0.0,0.0,1,0.0,2.0,0.0,0.0,0.0,0.0,0.0,0.0,0.0,1.0,0.0,0.0,0.0,0.0,0.0,0.0,0.0,0.0,0.0,2,0.0,0.0,0.0,0.0,2,1.0,0.0,0.0,0.0,0.0,0.0,0.0,0.0,0.0,1.0
lobster,0,0,1,0,0,1,0,0,0.0,0,0,0,0.0,0.0,0.0,0.0,0.0,0.0,1,0,0.0,0.0,0.0,0.0,0.0,0.0,0.0,0.0,0.0,0,0.0,0.0,0.0,0.0,1.0,0.0,0.0,0.0,0.0,0.0,0.0,0.0,0.0,0.0,0.0,0.0,0.0,0.0,1.0,2,0.0,0.0,0.0,0.0,2,0.0,0.0,1.0,0.0,1.0,0.0,0.0,0.0,0.0,0.0
lynx,1,0,0,1,0,0,1,1,1.0,1,0,0,0.0,0.0,1.0,0.0,0.0,0.0,1,0,1.0,0.0,0.0,0.0,0.0,0.0,0.0,0.0,0.0,0,0.0,1.0,0.0,0.0,0.0,0.0,0.0,1.0,0.0,1.0,0.0,1.0,0.0,0.0,0.0,0.0,0.0,0.0,0.0,2,0.0,0.0,0.0,0.0,2,0.0,0.0,0.0,0.0,0.0,0.0,0.0,0.0,1.0,1.0
mink,1,0,0,1,0,1,1,1,1.0,1,0,0,0.0,0.0,1.0,0.0,0.0,0.0,1,0,1.0,0.0,0.0,0.0,0.0,0.0,0.0,0.0,0.0,0,0.0,1.0,0.0,0.0,0.0,0.0,0.0,0.0,0.0,1.0,0.0,0.0,0.0,0.0,0.0,1.0,0.0,0.0,0.0,2,0.0,0.0,0.0,0.0,2,0.0,0.0,0.0,0.0,0.0,0.0,0.0,0.0,0.0,2.0
mole,1,0,0,1,0,0,1,1,1.0,1,0,0,0.0,0.0,1.0,0.0,0.0,0.0,1,0,1.0,0.0,0.0,0.0,0.0,0.0,0.0,0.0,0.0,0,0.0,1.0,0.0,0.0,0.0,0.0,0.0,0.0,0.0,0.0,0.0,0.0,0.0,0.0,0.0,0.0,0.0,0.0,0.0,2,0.0,0.0,0.0,0.0,2,1.0,0.0,0.0,0.0,0.0,0.0,0.0,0.0,0.0,0.0
mongoose,1,0,0,1,0,0,1,1,1.0,1,0,0,0.0,0.0,1.0,0.0,0.0,0.0,1,0,1.0,0.0,0.0,0.0,0.0,0.0,0.0,0.0,0.0,0,0.0,1.0,0.0,0.0,0.0,0.0,0.0,0.0,1.0,1.0,0.0,1.0,0.0,0.0,0.0,0.0,0.0,0.0,0.0,2,0.0,0.0,0.0,0.0,2,0.0,1.0,0.0,0.0,0.0,0.0,0.0,0.0,0.0,2.0
monkey,1,0,0,1,0,0,0,1,1.0,1,0,0,0.0,0.0,1.0,0.0,0.0,0.0,1,1,1.0,0.0,0.0,0.0,0.0,0.0,0.0,0.0,0.0,0,0.0,1.0,0.0,0.0,0.0,0.0,0.0,0.0,0.0,2.0,0.0,0.0,0.0,0.0,0.0,0.0,1.0,1.0,1.0,2,0.0,0.0,0.0,0.0,2,0.0,1.0,0.0,0.0,0.0,0.0,0.0,0.0,0.0,1.0
moose,1,0,0,1,0,1,0,1,1.0,1,0,0,0.0,0.0,1.0,0.0,0.0,0.0,1,0,1.0,0.0,0.0,0.0,0.0,0.0,0.0,0.0,0.0,0,0.0,1.0,0.0,0.0,0.0,0.0,0.0,0.0,0.0,0.0,1.0,0.0,0.0,0.0,0.0,0.0,0.0,0.0,0.0,2,0.0,0.0,0.0,0.0,2,0.0,0.0,0.0,0.0,0.0,0.0,0.0,0.0,0.0,1.0
moth,1,0,1,0,1,0,0,0,0.0,1,0,0,0.0,0.0,0.0,0.0,1.0,0.0,0,0,0.0,0.0,0.0,0.0,0.0,1.0,0.0,0.0,0.0,0,0.0,1.0,2.0,0.0,0.0,0.0,0.0,0.0,0.0,0.0,0.0,0.0,0.0,0.0,0.0,0.0,0.0,0.0,0.0,2,0.0,0.0,0.0,0.0,2,1.0,0.0,0.0,0.0,0.0,0.0,0.0,0.0,0.0,0.0
mouse,1,0,0,1,0,0,0,1,1.0,1,0,0,0.0,0.0,1.0,0.0,0.0,0.0,1,1,1.0,0.0,0.0,0.0,0.0,0.0,0.0,0.0,0.0,2,0.0,2.0,2.0,0.0,0.0,0.0,0.0,0.0,0.0,2.0,0.0,0.0,0.0,0.0,0.0,1.0,0.0,1.0,0.0,2,0.0,0.0,0.0,0.0,2,1.0,0.0,0.0,0.0,0.0,0.0,0.0,0.0,0.0,0.0
newt,0,0,1,0,0,1,0,1,1.0,1,0,0,0.0,0.0,1.0,0.0,0.0,0.0,1,1,0.0,0.0,0.0,0.0,1.0,0.0,0.0,0.0,0.0,0,0.0,0.0,0.0,1.0,1.0,0.0,0.0,0.0,0.0,0.0,0.0,0.0,0.0,0.0,0.0,0.0,0.0,0.0,0.0,2,0.0,0.0,0.0,0.0,2,0.0,0.0,0.0,0.0,0.0,0.0,0.0,0.0,0.0,0.0
octopus,0,0,1,0,0,1,1,0,0.0,0,0,0,0.0,0.0,0.0,0.0,0.0,1.0,0,0,0.0,0.0,0.0,0.0,0.0,0.0,0.0,0.0,0.0,0,2.0,0.0,0.0,0.0,0.0,0.0,0.0,0.0,0.0,0.0,0.0,0.0,0.0,0.0,0.0,0.0,0.0,0.0,0.0,2,0.0,0.0,0.0,0.0,2,0.0,0.0,1.0,0.0,1.0,0.0,0.0,0.0,0.0,2.0
opossum,1,0,0,1,0,0,0,1,1.0,1,0,0,0.0,0.0,1.0,0.0,0.0,0.0,1,0,1.0,0.0,0.0,0.0,0.0,0.0,0.0,0.0,0.0,0,0.0,0.0,1.0,0.0,0.0,0.0,0.0,0.0,0.0,1.0,0.0,0.0,0.0,0.0,0.0,1.0,0.0,1.0,0.0,2,0.0,0.0,0.0,0.0,2,0.0,0.0,0.0,0.0,0.0,0.0,0.0,1.0,0.0,2.0
orca,1,0,0,1,0,1,1,1,1.0,1,0,1,0.0,0.0,0.0,0.0,0.0,0.0,1,0,1.0,0.0,0.0,0.0,0.0,0.0,0.0,0.0,1.0,0,0.0,0.0,0.0,0.0,0.0,0.0,0.0,0.0,0.0,0.0,0.0,0.0,0.0,0.0,0.0,0.0,1.0,0.0,0.0,2,0.0,0.0,0.0,0.0,2,0.0,0.0,1.0,0.0,0.0,0.0,0.0,0.0,1.0,1.0
oryx,1,0,0,1,0,0,0,1,1.0,1,0,0,0.0,0.0,1.0,0.0,0.0,0.0,1,0,1.0,0.0,0.0,0.0,0.0,0.0,0.0,0.0,0.0,2,0.0,0.0,0.0,0.0,0.0,0.0,0.0,0.0,0.0,0.0,0.0,0.0,0.0,0.0,0.0,0.0,0.0,0.0,0.0,2,0.0,0.0,0.0,0.0,2,0.0,0.0,0.0,0.0,0.0,0.0,0.0,0.0,0.0,1.0
ostrich,0,1,1,0,0,0,0,0,1.0,1,0,0,0.0,1.0,0.0,0.0,0.0,0.0,1,0,0.0,1.0,0.0,0.0,0.0,0.0,0.0,0.0,0.0,0,0.0,1.0,1.0,0.0,0.0,0.0,0.0,0.0,0.0,0.0,0.0,0.0,0.0,0.0,0.0,0.0,0.0,1.0,0.0,2,0.0,1.0,0.0,0.0,2,0.0,1.0,0.0,0.0,0.0,0.0,0.0,0.0,0.0,1.0
otter,1,0,0,1,0,1,0,1,1.0,1,0,0,0.0,0.0,1.0,0.0,0.0,0.0,1,0,1.0,0.0,0.0,0.0,0.0,0.0,0.0,0.0,0.0,0,0.0,1.0,0.0,0.0,0.0,0.0,0.0,0.0,0.0,1.0,0.0,0.0,0.0,0.0,0.0,0.0,0.0,0.0,0.0,2,0.0,0.0,0.0,0.0,2,0.0,0.0,1.0,0.0,0.0,0.0,0.0,0.0,0.0,2.0
owl,0,1,1,0,1,0,1,0,1.0,1,0,0,0.0,1.0,0.0,0.0,0.0,0.0,1,0,0.0,1.0,0.0,0.0,0.0,0.0,0.0,0.0,0.0,0,0.0,1.0,0.0,0.0,0.0,0.0,0.0,0.0,0.0,0.0,0.0,0.0,0.0,0.0,0.0,1.0,0.0,0.0,0.0,2,0.0,0.0,0.0,0.0,2,1.0,0.0,0.0,0.0,0.0,0.0,0.0,0.0,0.0,2.0
ox,1,0,0,1,0,0,0,1,1.0,1,0,0,0.0,0.0,1.0,0.0,0.0,0.0,1,0,1.0,0.0,0.0,0.0,0.0,0.0,0.0,0.0,0.0,0,0.0,1.0,0.0,0.0,0.0,0.0,0.0,0.0,0.0,0.0,1.0,0.0,0.0,0.0,0.0,0.0,0.0,0.0,0.0,2,0.0,0.0,0.0,0.0,2,0.0,0.0,0.0,0.0,0.0,0.0,0.0,0.0,0.0,1.0
parakeet,0,1,1,0,1,0,0,0,1.0,1,0,0,0.0,1.0,0.0,0.0,0.0,0.0,1,1,0.0,1.0,0.0,0.0,0.0,0.0,0.0,0.0,0.0,0,1.0,0.0,0.0,0.0,0.0,1.0,0.0,0.0,0.0,0.0,0.0,0.0,0.0,0.0,0.0,0.0,0.0,1.0,0.0,2,0.0,0.0,0.0,0.0,2,2.0,0.0,0.0,0.0,0.0,0.0,0.0,0.0,0.0,0.0
parrot,0,1,1,0,1,0,0,0,1.0,1,0,0,0.0,1.0,0.0,0.0,0.0,0.0,1,1,0.0,1.0,0.0,0.0,0.0,0.0,0.0,0.0,0.0,0,1.0,0.0,2.0,0.0,1.0,1.0,0.0,0.0,0.0,0.0,0.0,0.0,0.0,0.0,0.0,0.0,1.0,0.0,0.0,2,0.0,0.0,0.0,0.0,2,2.0,0.0,0.0,0.0,0.0,0.0,0.0,0.0,0.0,0.0
penguin,0,1,1,0,0,1,1,0,1.0,1,0,0,0.0,1.0,0.0,0.0,0.0,0.0,1,0,0.0,1.0,0.0,0.0,0.0,0.0,0.0,0.0,1.0,0,0.0,0.0,2.0,0.0,0.0,0.0,0.0,0.0,0.0,0.0,0.0,0.0,0.0,0.0,0.0,0.0,0.0,1.0,0.0,2,0.0,0.0,0.0,0.0,2,0.0,0.0,0.0,0.0,0.0,0.0,0.0,0.0,0.0,1.0
persian+cat,1,0,0,1,0,0,0,1,1.0,1,0,0,0.0,0.0,1.0,0.0,0.0,0.0,1,1,1.0,0.0,0.0,0.0,0.0,0.0,0.0,0.0,0.0,1,0.0,0.0,0.0,0.0,0.0,0.0,0.0,0.0,0.0,1.0,0.0,1.0,0.0,0.0,0.0,0.0,0.0,0.0,0.0,2,0.0,0.0,0.0,0.0,2,1.0,0.0,0.0,0.0,0.0,0.0,0.0,0.0,0.0,2.0
pheasant,0,1,1,0,1,0,0,0,1.0,1,0,0,0.0,1.0,0.0,0.0,0.0,0.0,1,0,0.0,1.0,0.0,0.0,0.0,0.0,0.0,0.0,0.0,0,0.0,1.0,0.0,0.0,0.0,0.0,0.0,1.0,0.0,0.0,0.0,0.0,0.0,0.0,0.0,0.0,0.0,0.0,0.0,2,0.0,0.0,0.0,0.0,2,1.0,0.0,0.0,0.0,1.0,0.0,0.0,0.0,0.0,2.0
pig,1,0,0,1,0,0,0,1,1.0,1,0,0,0.0,0.0,1.0,0.0,0.0,0.0,1,1,1.0,0.0,0.0,0.0,0.0,0.0,1.0,0.0,0.0,0,0.0,0.0,0.0,0.0,0.0,0.0,0.0,0.0,0.0,0.0,1.0,0.0,0.0,0.0,0.0,0.0,1.0,0.0,0.0,2,0.0,0.0,0.0,0.0,2,1.0,0.0,0.0,0.0,1.0,0.0,0.0,0.0,0.0,1.0
pike,0,0,1,0,0,1,1,1,1.0,0,0,1,1.0,0.0,0.0,0.0,0.0,0.0,1,0,0.0,0.0,0.0,1.0,0.0,0.0,0.0,0.0,0.0,0,0.0,0.0,0.0,0.0,0.0,0.0,0.0,0.0,0.0,0.0,0.0,0.0,0.0,0.0,0.0,0.0,0.0,0.0,0.0,2,0.0,0.0,0.0,0.0,2,0.0,0.0,1.0,0.0,0.0,0.0,0.0,0.0,0.0,0.0
piranha,0,0,1,0,0,1,1,1,1.0,0,0,1,1.0,0.0,0.0,0.0,0.0,0.0,1,0,0.0,0.0,0.0,1.0,0.0,0.0,0.0,0.0,0.0,0,0.0,0.0,1.0,0.0,0.0,0.0,0.0,0.0,0.0,0.0,0.0,0.0,0.0,0.0,0.0,0.0,0.0,0.0,0.0,2,0.0,0.0,0.0,0.0,2,0.0,0.0,1.0,0.0,0.0,0.0,0.0,0.0,1.0,0.0
pitviper,0,0,1,0,0,0,1,1,1.0,1,1,0,1.0,0.0,0.0,0.0,0.0,0.0,1,0,0.0,0.0,1.0,0.0,0.0,0.0,0.0,0.0,0.0,0,0.0,0.0,0.0,0.0,0.0,1.0,0.0,0.0,0.0,0.0,0.0,0.0,0.0,0.0,0.0,0.0,0.0,0.0,0.0,2,0.0,0.0,0.0,0.0,2,0.0,0.0,0.0,0.0,0.0,0.0,0.0,0.0,1.0,0.0
platypus,1,0,1,1,0,1,0,0,1.0,1,0,0,0.0,0.0,1.0,0.0,0.0,0.0,1,0,1.0,0.0,0.0,0.0,0.0,0.0,0.0,0.0,0.0,0,0.0,1.0,0.0,0.0,0.0,0.0,0.0,0.0,0.0,2.0,0.0,0.0,0.0,0.0,0.0,0.0,0.0,0.0,0.0,2,0.0,0.0,0.0,0.0,2,0.0,0.0,0.0,0.0,0.0,0.0,0.0,0.0,0.0,2.0
polar+bear,1,0,0,1,0,1,1,1,1.0,1,0,0,0.0,0.0,1.0,0.0,0.0,0.0,1,0,1.0,0.0,0.0,0.0,0.0,0.0,0.0,0.0,0.0,0,0.0,0.0,0.0,0.0,0.0,0.0,0.0,0.0,0.0,1.0,0.0,1.0,0.0,0.0,0.0,0.0,0.0,0.0,0.0,2,0.0,0.0,0.0,0.0,2,0.0,0.0,0.0,0.0,0.0,1.0,0.0,0.0,1.0,1.0
polecat,1,0,0,1,0,0,1,1,1.0,1,0,0,0.0,0.0,1.0,0.0,0.0,0.0,1,0,1.0,0.0,0.0,0.0,0.0,0.0,0.0,0.0,0.0,0,0.0,1.0,0.0,0.0,0.0,0.0,0.0,0.0,0.0,1.0,0.0,1.0,0.0,0.0,0.0,0.0,0.0,1.0,0.0,2,0.0,0.0,0.0,0.0,2,0.0,0.0,0.0,0.0,0.0,0.0,0.0,0.0,0.0,0.0
pony,1,0,0,1,0,0,0,1,1.0,1,0,0,0.0,0.0,1.0,0.0,0.0,0.0,1,1,1.0,0.0,0.0,0.0,0.0,0.0,0.0,2.0,0.0,2,0.0,1.0,0.0,0.0,0.0,0.0,0.0,0.0,0.0,2.0,1.0,0.0,0.0,0.0,0.0,0.0,0.0,1.0,0.0,2,0.0,0.0,0.0,0.0,2,1.0,0.0,0.0,0.0,0.0,0.0,1.0,0.0,0.0,1.0
porpoise,1,0,0,1,0,1,1,1,1.0,1,0,1,1.0,0.0,0.0,0.0,0.0,0.0,1,0,1.0,0.0,0.0,0.0,0.0,0.0,0.0,0.0,0.0,1,0.0,0.0,1.0,0.0,0.0,0.0,0.0,0.0,0.0,0.0,0.0,0.0,0.0,0.0,0.0,0.0,1.0,1.0,0.0,2,0.0,0.0,0.0,0.0,2,0.0,0.0,1.0,0.0,0.0,0.0,0.0,0.0,0.0,1.0
puma,1,0,0,1,0,0,1,1,1.0,1,0,0,0.0,0.0,1.0,0.0,0.0,0.0,1,0,1.0,0.0,0.0,0.0,0.0,0.0,0.0,1.0,0.0,0,0.0,1.0,0.0,0.0,0.0,0.0,0.0,0.0,0.0,2.0,0.0,1.0,0.0,0.0,0.0,0.0,0.0,1.0,0.0,2,0.0,0.0,0.0,0.0,2,0.0,1.0,0.0,0.0,0.0,0.0,0.0,0.0,0.0,1.0
rabbit,1,0,0,1,0,0,0,1,1.0,1,0,0,0.0,0.0,1.0,0.0,0.0,0.0,1,1,1.0,0.0,0.0,0.0,0.0,0.0,0.0,2.0,0.0,2,0.0,2.0,2.0,0.0,0.0,0.0,0.0,0.0,0.0,1.0,0.0,1.0,0.0,0.0,0.0,0.0,0.0,1.0,0.0,2,0.0,0.0,0.0,0.0,2,1.0,0.0,0.0,0.0,1.0,0.0,0.0,0.0,0.0,2.0
raccoon,1,0,0,1,0,0,0,1,1.0,1,0,0,0.0,0.0,1.0,0.0,0.0,0.0,1,0,1.0,0.0,0.0,0.0,0.0,0.0,0.0,0.0,1.0,0,0.0,0.0,0.0,0.0,0.0,0.0,0.0,0.0,0.0,1.0,0.0,0.0,0.0,0.0,0.0,1.0,1.0,1.0,0.0,2,0.0,0.0,0.0,0.0,2,1.0,0.0,0.0,0.0,0.0,0.0,0.0,0.0,0.0,2.0
rat,1,0,0,1,0,0,0,1,1.0,1,0,0,0.0,0.0,1.0,0.0,0.0,0.0,1,1,1.0,0.0,0.0,0.0,0.0,0.0,0.0,2.0,0.0,0,0.0,1.0,0.0,0.0,0.0,0.0,0.0,0.0,0.0,0.0,0.0,0.0,0.0,0.0,0.0,0.0,0.0,0.0,0.0,2,0.0,0.0,0.0,0.0,2,1.0,0.0,0.0,0.0,0.0,0.0,0.0,0.0,0.0,0.0
reindeer,1,0,0,1,0,0,0,1,1.0,1,0,0,0.0,0.0,1.0,0.0,0.0,0.0,1,0,1.0,0.0,0.0,0.0,0.0,0.0,0.0,0.0,0.0,0,0.0,1.0,2.0,0.0,0.0,0.0,0.0,0.0,0.0,0.0,1.0,0.0,1.0,0.0,0.0,0.0,0.0,0.0,0.0,2,0.0,0.0,0.0,0.0,2,0.0,0.0,0.0,0.0,1.0,1.0,0.0,0.0,0.0,1.0
rhea,0,1,1,0,0,0,1,0,1.0,1,0,0,0.0,1.0,0.0,0.0,0.0,0.0,1,0,0.0,1.0,0.0,0.0,0.0,0.0,0.0,0.0,0.0,0,0.0,1.0,0.0,0.0,0.0,0.0,0.0,0.0,0.0,0.0,0.0,0.0,0.0,0.0,0.0,0.0,0.0,0.0,0.0,2,0.0,0.0,0.0,0.0,2,0.0,0.0,0.0,0.0,0.0,0.0,0.0,0.0,0.0,1.0
rhinoceros,1,0,0,1,0,0,1,1,1.0,1,0,0,0.0,0.0,1.0,0.0,0.0,0.0,1,0,1.0,0.0,0.0,0.0,0.0,0.0,0.0,2.0,0.0,2,0.0,0.0,1.0,0.0,0.0,0.0,0.0,0.0,0.0,0.0,2.0,0.0,0.0,0.0,0.0,0.0,0.0,0.0,1.0,2,0.0,0.0,0.0,0.0,2,0.0,1.0,0.0,0.0,0.0,0.0,0.0,0.0,1.0,1.0
scorpion,0,0,0,0,0,0,1,0,0.0,1,1,0,0.0,0.0,0.0,0.0,0.0,1.0,1,0,0.0,0.0,0.0,0.0,0.0,0.0,0.0,0.0,0.0,0,0.0,0.0,0.0,0.0,0.0,0.0,0.0,0.0,0.0,0.0,0.0,0.0,0.0,0.0,0.0,1.0,0.0,0.0,0.0,2,0.0,0.0,0.0,0.0,2,0.0,1.0,0.0,0.0,0.0,0.0,0.0,0.0,1.0,0.0
sea+lion,1,0,0,1,0,1,1,1,1.0,1,0,1,0.0,1.0,0.0,0.0,0.0,0.0,1,0,1.0,0.0,0.0,0.0,0.0,0.0,0.0,0.0,0.0,0,0.0,1.0,0.0,0.0,0.0,0.0,0.0,0.0,0.0,2.0,0.0,0.0,0.0,0.0,0.0,0.0,0.0,0.0,0.0,2,0.0,0.0,0.0,1.0,2,0.0,0.0,1.0,0.0,0.0,0.0,0.0,0.0,0.0,1.0
seahorse,0,0,1,0,0,1,0,1,1.0,0,0,1,1.0,0.0,0.0,0.0,0.0,0.0,1,0,0.0,0.0,0.0,1.0,0.0,0.0,0.0,0.0,0.0,0,0.0,0.0,0.0,0.0,0.0,0.0,1.0,0.0,0.0,0.0,0.0,0.0,0.0,0.0,0.0,0.0,0.0,0.0,0.0,2,0.0,0.0,0.0,0.0,2,0.0,0.0,1.0,0.0,0.0,0.0,0.0,0.0,0.0,0.0
seal,1,0,0,1,0,1,1,1,1.0,1,0,1,1.0,0.0,0.0,0.0,0.0,0.0,1,0,1.0,0.0,0.0,0.0,0.0,0.0,0.0,0.0,0.0,0,0.0,1.0,0.0,0.0,0.0,0.0,0.0,0.0,0.0,2.0,0.0,0.0,0.0,0.0,0.0,0.0,0.0,0.0,0.0,2,0.0,0.0,0.0,0.0,2,0.0,0.0,1.0,0.0,0.0,0.0,0.0,0.0,0.0,1.0
seasnake,0,0,0,0,0,1,1,1,1.0,0,1,0,1.0,0.0,0.0,0.0,0.0,0.0,1,0,0.0,0.0,1.0,0.0,0.0,0.0,0.0,0.0,0.0,0,0.0,0.0,0.0,0.0,0.0,0.0,0.0,0.0,0.0,0.0,0.0,0.0,0.0,0.0,0.0,0.0,0.0,0.0,0.0,2,0.0,0.0,0.0,0.0,2,0.0,0.0,1.0,0.0,0.0,0.0,0.0,0.0,0.0,0.0
seawasp,0,0,1,0,0,1,1,0,0.0,0,1,0,1.0,0.0,0.0,0.0,0.0,0.0,0,0,0.0,0.0,0.0,0.0,0.0,0.0,0.0,0.0,0.0,0,0.0,0.0,0.0,0.0,0.0,0.0,0.0,0.0,0.0,0.0,0.0,0.0,0.0,0.0,0.0,0.0,0.0,0.0,0.0,2,0.0,0.0,0.0,0.0,2,0.0,0.0,1.0,0.0,0.0,0.0,0.0,0.0,0.0,0.0
sheep,1,0,0,1,0,0,0,1,1.0,1,0,0,0.0,0.0,1.0,0.0,0.0,0.0,1,0,1.0,0.0,0.0,0.0,0.0,0.0,0.0,2.0,0.0,1,0.0,0.0,0.0,0.0,0.0,0.0,0.0,0.0,0.0,1.0,1.0,0.0,1.0,0.0,0.0,0.0,0.0,1.0,0.0,2,0.0,0.0,0.0,0.0,2,1.0,0.0,0.0,0.0,1.0,0.0,1.0,0.0,0.0,1.0
skimmer,0,1,1,0,1,1,1,0,1.0,1,0,0,0.0,1.0,0.0,0.0,0.0,0.0,1,0,0.0,1.0,0.0,0.0,0.0,0.0,0.0,0.0,0.0,0,0.0,0.0,0.0,0.0,0.0,0.0,0.0,0.0,0.0,0.0,0.0,0.0,0.0,0.0,0.0,0.0,0.0,0.0,0.0,2,0.0,0.0,0.0,0.0,2,0.0,0.0,0.0,0.0,0.0,0.0,0.0,0.0,0.0,0.0
skua,0,1,1,0,1,1,1,0,1.0,1,0,0,0.0,1.0,0.0,0.0,0.0,0.0,1,0,0.0,1.0,0.0,0.0,0.0,0.0,0.0,0.0,0.0,0,0.0,0.0,0.0,0.0,0.0,0.0,0.0,0.0,0.0,0.0,0.0,0.0,0.0,0.0,0.0,0.0,0.0,0.0,0.0,2,0.0,0.0,0.0,0.0,2,0.0,0.0,0.0,0.0,0.0,0.0,0.0,0.0,0.0,0.0
skunk,1,0,0,1,0,0,0,1,1.0,1,0,0,0.0,0.0,1.0,0.0,0.0,0.0,1,0,1.0,0.0,0.0,0.0,0.0,0.0,0.0,0.0,1.0,0,0.0,0.0,0.0,0.0,0.0,0.0,0.0,0.0,1.0,1.0,0.0,0.0,0.0,0.0,1.0,1.0,0.0,0.0,0.0,2,0.0,0.0,0.0,0.0,2,0.0,0.0,0.0,0.0,0.0,0.0,0.0,0.0,0.0,2.0
sloth,1,0,0,1,0,0,0,1,1.0,1,0,0,0.0,0.0,1.0,0.0,0.0,0.0,0,0,1.0,0.0,0.0,0.0,0.0,0.0,0.0,0.0,0.0,0,0.0,1.0,0.0,0.0,0.0,0.0,0.0,0.0,0.0,2.0,0.0,0.0,0.0,0.0,0.0,0.0,0.0,0.0,0.0,2,0.0,0.0,1.0,0.0,2,0.0,0.0,0.0,0.0,0.0,0.0,0.0,1.0,0.0,2.0
slowworm,0,0,1,0,0,0,1,1,1.0,1,0,0,1.0,0.0,0.0,0.0,0.0,0.0,1,0,0.0,0.0,1.0,0.0,0.0,0.0,0.0,0.0,0.0,0,0.0,0.0,0.0,0.0,0.0,0.0,0.0,0.0,0.0,0.0,0.0,0.0,0.0,0.0,0.0,0.0,0.0,0.0,0.0,2,0.0,0.0,1.0,0.0,2,0.0,0.0,0.0,0.0,0.0,0.0,0.0,0.0,0.0,0.0
slug,0,0,1,0,0,0,0,0,0.0,1,0,0,1.0,0.0,0.0,0.0,0.0,0.0,0,0,0.0,0.0,0.0,0.0,0.0,0.0,0.0,0.0,0.0,0,0.0,1.0,0.0,0.0,0.0,0.0,0.0,0.0,0.0,0.0,0.0,0.0,0.0,0.0,0.0,0.0,0.0,0.0,0.0,2,0.0,0.0,1.0,0.0,2,1.0,0.0,0.0,0.0,0.0,0.0,0.0,0.0,0.0,0.0
snake,0,0,1,0,0,0,1,0,1.0,1,1,0,1.0,0.0,0.0,0.0,0.0,0.0,1,1,0.0,0.0,1.0,0.0,0.0,0.0,0.0,0.0,0.0,0,0.0,2.0,0.0,0.0,0.0,2.0,0.0,2.0,0.0,0.0,0.0,0.0,0.0,0.0,0.0,0.0,0.0,0.0,0.0,2,0.0,0.0,0.0,0.0,2,1.0,1.0,0.0,0.0,0.0,0.0,0.0,0.0,1.0,0.0
sole,0,0,1,0,0,1,0,1,1.0,0,0,1,1.0,0.0,0.0,0.0,0.0,0.0,1,0,0.0,0.0,0.0,1.0,0.0,0.0,0.0,0.0,0.0,0,0.0,0.0,0.0,0.0,0.0,0.0,0.0,0.0,0.0,0.0,0.0,0.0,0.0,0.0,0.0,0.0,0.0,0.0,0.0,2,0.0,0.0,0.0,0.0,2,0.0,0.0,1.0,0.0,1.0,0.0,0.0,0.0,0.0,0.0
sparrow,0,1,1,0,1,0,0,0,1.0,1,0,0,0.0,1.0,0.0,0.0,0.0,0.0,1,0,0.0,1.0,0.0,0.0,0.0,0.0,0.0,0.0,0.0,0,0.0,1.0,0.0,0.0,0.0,0.0,0.0,0.0,0.0,0.0,0.0,0.0,0.0,0.0,0.0,0.0,1.0,0.0,0.0,2,0.0,0.0,0.0,0.0,2,1.0,0.0,0.0,0.0,0.0,0.0,0.0,0.0,0.0,0.0
spider,2,0,1,0,0,0,0,0,0.0,1,1,0,0.0,0.0,0.0,0.0,0.0,1.0,0,0,0.0,0.0,0.0,0.0,0.0,0.0,0.0,1.0,0.0,0,0.0,2.0,0.0,0.0,0.0,0.0,0.0,2.0,0.0,1.0,0.0,0.0,0.0,0.0,0.0,0.0,0.0,0.0,0.0,2,0.0,0.0,0.0,0.0,2,1.0,1.0,0.0,0.0,0.0,0.0,0.0,0.0,2.0,0.0
squirrel,1,0,0,1,0,0,0,1,1.0,1,0,0,0.0,0.0,1.0,0.0,0.0,0.0,1,0,1.0,0.0,0.0,0.0,0.0,0.0,0.0,0.0,0.0,0,0.0,1.0,2.0,0.0,0.0,0.0,0.0,0.0,0.0,1.0,0.0,0.0,0.0,0.0,0.0,0.0,0.0,0.0,0.0,2,0.0,0.0,0.0,0.0,2,0.0,0.0,0.0,0.0,0.0,0.0,0.0,0.0,0.0,0.0
starfish,0,0,1,0,0,1,0,0,0.0,0,0,0,0.0,0.0,0.0,1.0,0.0,0.0,0,0,0.0,0.0,0.0,0.0,0.0,0.0,0.0,0.0,0.0,0,0.0,0.0,0.0,1.0,0.0,0.0,0.0,0.0,0.0,0.0,0.0,0.0,0.0,0.0,0.0,0.0,0.0,0.0,0.0,2,0.0,0.0,1.0,0.0,2,0.0,0.0,1.0,0.0,0.0,0.0,0.0,0.0,0.0,0.0
stingray,0,0,1,0,0,1,1,1,1.0,0,1,1,1.0,0.0,0.0,0.0,0.0,0.0,1,0,0.0,0.0,0.0,1.0,0.0,0.0,0.0,0.0,0.0,0,0.0,0.0,1.0,0.0,0.0,0.0,0.0,0.0,0.0,0.0,0.0,0.0,0.0,0.0,0.0,0.0,0.0,0.0,0.0,2,0.0,0.0,0.0,0.0,2,0.0,0.0,1.0,1.0,0.0,0.0,0.0,0.0,1.0,1.0
swan,0,1,1,0,1,1,0,0,1.0,1,0,0,0.0,1.0,0.0,0.0,0.0,0.0,1,0,0.0,1.0,0.0,0.0,0.0,0.0,0.0,0.0,0.0,1,0.0,0.0,0.0,0.0,0.0,0.0,0.0,0.0,0.0,0.0,0.0,0.0,0.0,0.0,0.0,0.0,0.0,1.0,0.0,2,0.0,0.0,0.0,0.0,2,0.0,0.0,0.0,0.0,0.0,0.0,0.0,0.0,0.0,1.0
termite,0,0,1,0,0,0,0,0,0.0,1,0,0,0.0,0.0,0.0,0.0,1.0,0.0,0,0,0.0,0.0,0.0,0.0,0.0,1.0,0.0,0.0,0.0,0,0.0,2.0,0.0,0.0,0.0,0.0,0.0,0.0,0.0,0.0,0.0,0.0,0.0,0.0,0.0,0.0,0.0,1.0,0.0,2,0.0,0.0,0.0,0.0,2,1.0,0.0,0.0,0.0,0.0,0.0,0.0,0.0,0.0,0.0
tiger,1,0,0,1,0,0,1,1,1.0,1,0,0,0.0,0.0,1.0,0.0,0.0,0.0,1,0,1.0,0.0,0.0,0.0,0.0,0.0,0.0,0.0,0.0,0,0.0,0.0,0.0,1.0,0.0,0.0,0.0,0.0,1.0,1.0,0.0,1.0,0.0,0.0,0.0,1.0,0.0,1.0,0.0,2,0.0,0.0,0.0,1.0,2,0.0,0.0,0.0,0.0,0.0,0.0,0.0,1.0,1.0,1.0
toad,0,0,1,0,0,1,0,1,1.0,1,0,0,0.0,0.0,1.0,0.0,0.0,0.0,0,1,0.0,0.0,0.0,0.0,1.0,0.0,0.0,0.0,0.0,0,0.0,1.0,0.0,0.0,0.0,0.0,0.0,0.0,0.0,0.0,0.0,0.0,0.0,0.0,0.0,0.0,0.0,0.0,0.0,2,0.0,0.0,0.0,0.0,2,1.0,0.0,0.0,0.0,0.0,0.0,0.0,0.0,0.0,0.0
tortoise,0,0,1,0,0,0,0,0,1.0,1,0,0,0.0,0.0,1.0,0.0,0.0,0.0,1,0,0.0,0.0,1.0,0.0,0.0,0.0,0.0,0.0,0.0,0,0.0,1.0,0.0,0.0,0.0,0.0,0.0,0.0,0.0,0.0,0.0,0.0,0.0,0.0,0.0,0.0,0.0,0.0,1.0,2,1.0,0.0,0.0,1.0,2,0.0,0.0,0.0,0.0,0.0,0.0,0.0,0.0,0.0,1.0
tuatara,0,0,1,0,0,0,1,1,1.0,1,0,0,0.0,0.0,1.0,0.0,0.0,0.0,1,0,0.0,0.0,1.0,0.0,0.0,0.0,0.0,0.0,0.0,0,0.0,0.0,0.0,0.0,0.0,0.0,0.0,0.0,0.0,0.0,0.0,0.0,0.0,0.0,0.0,0.0,0.0,0.0,1.0,2,0.0,0.0,0.0,0.0,2,0.0,0.0,0.0,0.0,0.0,0.0,0.0,0.0,0.0,0.0
tuna,0,0,1,0,0,1,1,1,1.0,0,0,1,1.0,0.0,0.0,0.0,0.0,0.0,1,0,0.0,0.0,0.0,1.0,0.0,0.0,0.0,0.0,0.0,0,0.0,0.0,1.0,0.0,0.0,0.0,0.0,0.0,0.0,0.0,0.0,0.0,0.0,0.0,0.0,0.0,0.0,0.0,0.0,2,0.0,0.0,0.0,1.0,2,0.0,0.0,0.0,0.0,1.0,0.0,0.0,0.0,0.0,1.0
turkey,0,1,1,0,0,0,0,0,1.0,1,0,0,0.0,1.0,0.0,0.0,0.0,0.0,1,0,0.0,1.0,0.0,0.0,0.0,0.0,0.0,0.0,0.0,0,0.0,1.0,0.0,0.0,0.0,0.0,0.0,0.0,0.0,0.0,0.0,0.0,0.0,0.0,0.0,0.0,0.0,1.0,0.0,2,0.0,0.0,0.0,0.0,2,1.0,0.0,0.0,0.0,1.0,0.0,0.0,0.0,0.0,1.0
turtle,0,0,1,0,0,1,0,0,1.0,1,0,0,0.0,0.0,1.0,0.0,0.0,0.0,1,1,0.0,0.0,1.0,0.0,0.0,0.0,0.0,0.0,0.0,0,0.0,0.0,0.0,0.0,0.0,1.0,0.0,0.0,0.0,0.0,0.0,0.0,0.0,0.0,0.0,0.0,0.0,1.0,0.0,2,1.0,0.0,0.0,0.0,2,1.0,0.0,0.0,0.0,0.0,0.0,0.0,0.0,0.0,0.0
vampire,1,0,0,1,1,0,1,1,1.0,1,0,0,0.0,1.0,0.0,0.0,0.0,0.0,1,0,1.0,0.0,0.0,0.0,0.0,0.0,0.0,0.0,0.0,0,0.0,0.0,0.0,0.0,0.0,0.0,0.0,0.0,1.0,0.0,0.0,0.0,0.0,0.0,0.0,1.0,0.0,0.0,0.0,2,0.0,0.0,0.0,0.0,2,0.0,0.0,0.0,0.0,0.0,0.0,0.0,0.0,1.0,1.0
vole,1,0,0,1,0,0,0,1,1.0,1,0,0,0.0,0.0,1.0,0.0,0.0,0.0,1,0,1.0,0.0,0.0,0.0,0.0,0.0,0.0,0.0,0.0,0,0.0,1.0,0.0,0.0,0.0,0.0,0.0,0.0,0.0,1.0,0.0,0.0,0.0,0.0,0.0,0.0,0.0,0.0,0.0,2,0.0,0.0,0.0,0.0,2,0.0,0.0,0.0,0.0,0.0,0.0,0.0,0.0,0.0,0.0
vulture,0,1,1,0,1,0,0,0,1.0,1,0,0,0.0,1.0,0.0,0.0,0.0,0.0,1,0,0.0,1.0,0.0,0.0,0.0,0.0,0.0,0.0,0.0,0,0.0,1.0,0.0,0.0,0.0,0.0,0.0,0.0,0.0,0.0,0.0,0.0,0.0,0.0,0.0,0.0,0.0,0.0,0.0,2,0.0,0.0,0.0,0.0,2,0.0,0.0,0.0,0.0,0.0,0.0,0.0,0.0,0.0,1.0
wallaby,1,0,0,1,0,0,0,1,1.0,1,0,0,0.0,1.0,0.0,0.0,0.0,0.0,1,0,1.0,0.0,0.0,0.0,0.0,0.0,0.0,0.0,0.0,0,0.0,1.0,0.0,0.0,0.0,0.0,0.0,0.0,0.0,1.0,0.0,0.0,0.0,0.0,0.0,0.0,0.0,0.0,0.0,2,0.0,0.0,0.0,0.0,2,0.0,0.0,0.0,0.0,0.0,0.0,0.0,0.0,0.0,1.0
walrus,1,0,0,1,0,1,0,1,1.0,1,0,1,1.0,0.0,0.0,0.0,0.0,0.0,1,0,1.0,0.0,0.0,0.0,0.0,0.0,0.0,0.0,0.0,0,0.0,1.0,0.0,0.0,0.0,0.0,0.0,0.0,0.0,0.0,0.0,0.0,0.0,1.0,0.0,0.0,0.0,1.0,0.0,2,0.0,0.0,0.0,0.0,2,0.0,0.0,1.0,0.0,0.0,1.0,0.0,0.0,0.0,1.0
wasp,1,0,1,0,1,0,0,0,0.0,1,1,0,0.0,0.0,0.0,0.0,1.0,0.0,0,0,0.0,0.0,0.0,0.0,0.0,1.0,0.0,0.0,0.0,0,0.0,0.0,0.0,0.0,0.0,0.0,0.0,0.0,1.0,0.0,0.0,0.0,0.0,0.0,0.0,0.0,0.0,0.0,0.0,2,0.0,0.0,0.0,0.0,2,1.0,0.0,0.0,1.0,0.0,0.0,0.0,0.0,0.0,0.0
weasel,1,0,0,1,0,0,0,1,1.0,1,0,0,0.0,0.0,1.0,0.0,0.0,0.0,1,1,1.0,0.0,0.0,0.0,0.0,0.0,0.0,0.0,0.0,0,0.0,1.0,0.0,0.0,0.0,0.0,0.0,0.0,0.0,1.0,0.0,1.0,0.0,0.0,0.0,0.0,0.0,0.0,0.0,2,0.0,0.0,0.0,0.0,2,0.0,0.0,0.0,0.0,0.0,0.0,0.0,0.0,0.0,2.0
wolf,1,0,0,1,0,0,1,1,1.0,1,0,0,0.0,0.0,1.0,0.0,0.0,0.0,1,0,1.0,0.0,0.0,0.0,0.0,0.0,0.0,0.0,0.0,0,0.0,0.0,0.0,0.0,0.0,0.0,0.0,0.0,0.0,1.0,0.0,1.0,0.0,0.0,0.0,0.0,1.0,1.0,0.0,2,0.0,0.0,0.0,0.0,2,0.0,0.0,0.0,0.0,0.0,1.0,0.0,0.0,1.0,1.0
worm,0,0,1,0,0,0,0,0,0.0,1,0,0,1.0,0.0,0.0,0.0,0.0,0.0,0,0,0.0,0.0,0.0,0.0,0.0,0.0,0.0,0.0,0.0,0,0.0,1.0,0.0,0.0,0.0,0.0,0.0,0.0,0.0,0.0,0.0,0.0,0.0,0.0,0.0,0.0,0.0,0.0,0.0,2,0.0,0.0,1.0,0.0,2,1.0,0.0,0.0,0.0,0.0,0.0,0.0,0.0,0.0,0.0
wren,0,1,1,0,1,0,0,0,1.0,1,0,0,0.0,1.0,0.0,0.0,0.0,0.0,1,0,0.0,1.0,0.0,0.0,0.0,0.0,0.0,0.0,0.0,0,0.0,1.0,0.0,0.0,0.0,0.0,0.0,0.0,0.0,0.0,0.0,0.0,0.0,0.0,0.0,0.0,0.0,0.0,0.0,2,0.0,0.0,0.0,0.0,2,1.0,0.0,0.0,0.0,0.0,0.0,0.0,0.0,0.0,0.0
zebra,1,0,0,1,0,0,0,1,1.0,1,0,0,0.0,0.0,1.0,0.0,0.0,0.0,1,0,1.0,0.0,0.0,0.0,0.0,0.0,0.0,0.0,1.0,0,0.0,0.0,0.0,0.0,0.0,0.0,0.0,0.0,1.0,0.0,1.0,0.0,0.0,0.0,0.0,0.0,0.0,1.0,0.0,2,0.0,0.0,0.0,0.0,2,0.0,1.0,0.0,0.0,0.0,0.0,0.0,0.0,0.0,1.0
